{"modelCheckResultList":[{"backwardTransitions":[[]],"probability":0.999961380625,"expectedMessages":3.9999999999999996,"id":1867750575,"epochTimestamp":1712742742190}],"specification":[[1,1,1,1],[1,0,1,1],[1,1,1,0],[1,0,1,0],[1,1,1,1],[1,1,0,1],[1,1,1,0],[1,1,0,0],[1,1,1,1],[0,1,1,1],[1,0,1,1],[0,0,1,1],[1,1,0,1],[0,1,0,1],[1,0,0,1],[0,0,0,1]],"organizations":["Org1","Org2","Org3","Org4"]}